Pregunta,Tipo
¿Quién diseñó el juego de Ajedrez?,RELACIONES
¿Qué estudio produjo la última versión de Monopoly?,RELACIONES
¿Quiénes crearon Minecraft?,RELACIONES
¿Quién fue el principal creador de Catan?,RELACIONES
¿Quién diseñó Among Us?,RELACIONES
¿Qué estudio desarrolló el juego Clue?,RELACIONES
¿Quién fue el creador del alfabeto usado en Scrabble?,RELACIONES
¿Quién dirigió el desarrollo de The Legend of Zelda?,RELACIONES
¿Qué desarrollador creó Fortnite?,RELACIONES
¿Quiénes crearon Pokémon?,RELACIONES
¿Quién diseñó la versión más reciente de Catan?,RELACIONES
¿Qué estudio desarrolló la versión más popular de Monopoly?,RELACIONES
¿Qué equipo diseñó el primer videojuego de ajedrez?,RELACIONES
¿Cuántos diseñadores trabajaron en Among Us?,RELACIONES
¿Quiénes crearon el sistema de misiones en Clue?,RELACIONES
¿Qué equipo diseñó las mecánicas de Scrabble?,RELACIONES
¿Quién lideró la creación de Zelda: Ocarina of Time?,RELACIONES
¿Qué desarrolladora publicó Fortnite?,RELACIONES
¿Qué diseñadores contribuyeron al desarrollo de Pokémon X/Y?,RELACIONES
¿Quién fue el responsable de las mecánicas de Catan?,RELACIONES
¿Qué equipo diseñó las primeras cartas de Pokémon?,RELACIONES
¿Quién fue el director de la saga The Legend of Zelda?,RELACIONES
¿Qué programador creó el modo de supervivencia de Minecraft?,RELACIONES
¿Quién fue el productor ejecutivo de Among Us?,RELACIONES
¿Qué equipo realizó el diseño gráfico de Scrabble?,RELACIONES
¿Cuántos desarrolladores trabajaron en la expansión de Zelda?,RELACIONES
¿Qué programadores estuvieron detrás del modo Battle Royale de Fortnite?,RELACIONES
¿Cuántas personas crearon las primeras reglas de Catan?,RELACIONES
¿Qué artista de Nintendo estuvo detrás de los personajes de Zelda?,RELACIONES
¿Qué estudio fue responsable de las actualizaciones más recientes de Pokémon?,RELACIONES
¿Quién fue el director creativo de Among Us?,RELACIONES
¿Qué compañía desarrolló el modo historia de Fortnite?,RELACIONES
¿Quiénes trabajaron en la última expansión de Clue?,RELACIONES
¿Qué equipo diseñó el sistema de batallas en Pokémon?,RELACIONES
¿Quiénes fueron los diseñadores de las fichas en Monopoly?,RELACIONES
¿Qué estudio desarrolló el modo competitivo de Scrabble?,RELACIONES
¿Cuántos diseñadores contribuyeron al desarrollo de Minecraft?,RELACIONES
¿Quién lideró el proyecto para modernizar el tablero de Clue?,RELACIONES
¿Qué grupo de desarrolladores hizo posible el multijugador de Fortnite?,RELACIONES
¿Qué programador fue responsable de la física del juego en Minecraft?,RELACIONES
¿Quién estuvo a cargo del desarrollo del mapa de Among Us?,RELACIONES
¿Quién diseñó las casillas de acción en Scrabble?,RELACIONES
¿Quién dirigió el equipo de The Legend of Zelda para la consola NES?,RELACIONES
¿Cuántas personas estuvieron involucradas en la creación de Pokémon Go?,RELACIONES
¿Quién diseñó los modos de juego especiales en Fortnite?,RELACIONES
¿Cuántos desarrolladores hicieron posible la creación de Catan?,RELACIONES
¿Qué programadores colaboraron en la inteligencia artificial de Minecraft?,RELACIONES
¿Quién fue el principal director de arte de la serie Zelda?,RELACIONES
¿Cuántos creadores estuvieron involucrados en el diseño de Among Us?,RELACIONES
¿Qué diseñador de Pokémon innovó en las mecánicas de combate?,RELACIONES
¿Quién fue el responsable de crear las primeras expansiones de Monopoly?,RELACIONES
¿Qué equipo contribuyó a la narrativa en las entregas más recientes de Zelda?,RELACIONES
¿Quién desarrolló el algoritmo de Scrabble para las versiones digitales?,RELACIONES
¿Cuál es la tasa de victoria promedio de jugadores expertos en Ajedrez?,ESTADÍSTICAS
¿Cuántos jugadores participan en el récord de mayor partida de Monopoly?,ESTADÍSTICAS
¿Cuántas horas de juego promedio por jugador en Minecraft?,ESTADÍSTICAS
¿Cuál es la duración promedio de una partida de Catan?,ESTADÍSTICAS
¿Cuántos jugadores completan el mapa de Among Us en su primer intento?,ESTADÍSTICAS
¿Qué porcentaje de jugadores gana en su primera partida de Clue?,ESTADÍSTICAS
¿Cuántos puntos se necesita para ganar en Scrabble?,ESTADÍSTICAS
¿Cuál es el récord de muertes en una partida de Fortnite?,ESTADÍSTICAS
¿Cuál es el Pokémon más utilizado en torneos?,ESTADÍSTICAS
¿Cuál es la media de puntos ganados por partida en Catan?,ESTADÍSTICAS
¿Cuántas horas le dedica el jugador promedio a Minecraft por semana?,ESTADÍSTICAS
¿Qué porcentaje de partidas de Monopoly terminan con un jugador en quiebra?,ESTADÍSTICAS
¿Cuántas piezas de ajedrez son capturadas en promedio en cada partida?,ESTADÍSTICAS
¿Cuántas partidas de Among Us se juegan semanalmente en promedio?,ESTADÍSTICAS
¿Cuál es el porcentaje de victorias de los impostores en Among Us?,ESTADÍSTICAS
¿Qué casillas tienen mayor probabilidad de ser aterrizadas en Monopoly?,ESTADÍSTICAS
¿Cuántos puntos se han registrado en el récord mundial de Scrabble?,ESTADÍSTICAS
¿Cuántos mapas diferentes existen en Fortnite?,ESTADÍSTICAS
¿Qué porcentaje de jugadores completa todos los logros en Zelda?,ESTADÍSTICAS
¿Cuántas victorias en promedio tiene un jugador profesional de Pokémon TCG?,ESTADÍSTICAS
¿Qué porcentaje de jugadores en Catan prefiere el comercio con recursos?,ESTADÍSTICAS
¿Qué porcentaje de jugadores de Minecraft prefiere el modo de supervivencia?,ESTADÍSTICAS
¿Cuál es la cantidad de jugadores promedio en una partida de Fortnite?,ESTADÍSTICAS
¿Cuál es la tasa de impugnación en partidas de Clue?,ESTADÍSTICAS
¿Cuántas cartas de propiedad se tienen en Monopoly?,ESTADÍSTICAS
¿Cuántas rondas se juegan de promedio en una partida de ajedrez?,ESTADÍSTICAS
¿Cuál es el personaje más popular en Among Us?,ESTADÍSTICAS
¿Cuántas cartas se reparten al principio de Scrabble?,ESTADÍSTICAS
¿Cuál es la tasa de supervivencia en el modo Battle Royale de Fortnite?,ESTADÍSTICAS
¿Cuántos Pokémon se encuentran en la Pokédex original?,ESTADÍSTICAS
¿Cuántos recursos de madera se necesitan para construir una casa en Minecraft?,ESTADÍSTICAS
¿Qué porcentaje de jugadores gana una partida en Catan con la estrategia de robos?,ESTADÍSTICAS
¿Cuántas versiones de Monopoly existen en total?,ESTADÍSTICAS
¿Cuál es el porcentaje de jugadores de ajedrez que termina en tablas?,ESTADÍSTICAS
¿Cuántas habilidades se desbloquean en el modo multijugador de Fortnite?,ESTADÍSTICAS
¿Cuál es la carta más costosa en Pokémon TCG?,ESTADÍSTICAS
¿Cuál es la probabilidad de conseguir un Pokémon raro en los videojuegos?,ESTADÍSTICAS
¿Cuántas cartas especiales existen en Catan?,ESTADÍSTICAS
¿Qué porcentaje de jugadores en Clue siempre juega con el personaje de Miss Scarlet?,ESTADÍSTICAS
¿Qué porcentaje de jugadores ha sido un impostor más de 10 veces en Among Us?,ESTADÍSTICAS
¿Cuál es el promedio de jugadores en una partida de Fortnite?,ESTADÍSTICAS
¿Cuántas veces se puede ganar una partida en el modo Duos de Fortnite?,ESTADÍSTICAS
¿Cuál es el tiempo promedio de supervivencia en una partida de Fortnite?,ESTADÍSTICAS
¿Cuántos puntos otorgan los traspasos en el Pokémon TCG?,ESTADÍSTICAS
¿Cuántos jugadores han ganado el torneo mundial de Scrabble?,ESTADÍSTICAS
¿Cuántos tipos de terreno hay en Minecraft?,ESTADÍSTICAS
¿Cuántas cartas diferentes de propiedad hay en Monopoly?,ESTADÍSTICAS
¿Cuál es la jugabilidad promedio de las partidas de ajedrez a nivel profesional?,ESTADÍSTICAS
¿Cuántos robos de recursos suceden en una partida de Catan?,ESTADÍSTICAS
¿Cuál es la cantidad mínima de dinero necesario para ganar en Monopoly?,ESTADÍSTICAS
¿Cuántos jugadores se quedan fuera en el primer minuto de Fortnite?,ESTADÍSTICAS
¿Cuántas batallas hay en una aventura de Pokémon?,ESTADÍSTICAS
¿Cuántos objetos épicos existen en Fortnite?,ESTADÍSTICAS
¿Cuántas veces un jugador debe colocar una pieza en ajedrez para hacer un jaque mate?,ESTADÍSTICAS
¿Cuál es la frecuencia de sabotajes en una partida de Among Us?,ESTADÍSTICAS
¿Cuál es la probabilidad de ganar una partida en Scrabble si se juega con una buena estrategia?,ESTADÍSTICAS
¿Cuántas victorias ha tenido el primer lugar del torneo mundial de Pokémon?,ESTADÍSTICAS
¿Cuál es la probabilidad de conseguir un diamante en Minecraft?,ESTADÍSTICAS
¿Cuántos logros existen en las versiones más recientes de Catan?,ESTADÍSTICAS
¿Cuántas horas de transmisión en vivo ha tenido Fortnite este año?,ESTADÍSTICAS
¿Cuántos mapas nuevos se introdujeron en la temporada pasada de Fortnite?,ESTADÍSTICAS
¿Cuántos jugadores activos hay en Fortnite actualmente?,ESTADÍSTICAS
¿Cuántas veces se utiliza la palabra más valiosa en Scrabble?,ESTADÍSTICAS
¿Cuántos Pokémon han sido eliminados de la Pokédex en los nuevos juegos?,ESTADÍSTICAS
¿Cuál es el personaje más jugado en Clue?,ESTADÍSTICAS
¿Cuántas horas promedio juega una persona en Minecraft en un mes?,ESTADÍSTICAS
¿Cuántas palabras se forman en promedio en Scrabble?,ESTADÍSTICAS
¿Cuántas cartas nuevas existen en el último set de Pokémon TCG?,ESTADÍSTICAS
¿Qué porcentaje de jugadores no ha sido impostor en Among Us?,ESTADÍSTICAS
¿Cuál es el promedio de tiempo de juego para un experto en ajedrez?,ESTADÍSTICAS
¿Cuántos jugadores se quedan sin recursos al final de una partida de Catan?,ESTADÍSTICAS
¿Cuántos jugadores de Fortnite prefieren el modo sin construcción?,ESTADÍSTICAS
¿Cuántos títulos de Zelda se han lanzado hasta la fecha?,ESTADÍSTICAS
¿Qué carta es la más jugada en Monopoly?,ESTADÍSTICAS
¿Cuántas piezas se desplazan en una partida de ajedrez promedio?,ESTADÍSTICAS
¿Cuál es el porcentaje de victorias por jugador en un torneo de Fortnite?,ESTADÍSTICAS
¿Cuántas personas han completado todos los logros en Minecraft?,ESTADÍSTICAS
¿Cuántos personajes se han jugado en Clue en un torneo oficial?,ESTADÍSTICAS
¿Cuántos vehículos se utilizan en Fortnite por partida?,ESTADÍSTICAS
¿Cuántos Pokémon de tipo agua existen en los juegos?,ESTADÍSTICAS
¿Cuántos recursos existen en Minecraft?,ESTADÍSTICAS
¿Cuántos jugadores por sesión tiene un servidor típico de Fortnite?,ESTADÍSTICAS
¿Cuántos recursos se intercambian promedio en una partida de Catan?,ESTADÍSTICAS
¿Cuántos jugadores completan una partida de Scrabble sin que se le termine el tiempo?,ESTADÍSTICAS
¿Cuál es el objetivo principal en Minecraft?,INFORMACION
¿Qué recursos son más valiosos en Monopoly?,INFORMACION
¿Cuáles son las reglas básicas del ajedrez?,INFORMACION
¿Cómo se gana una partida de Catan?,INFORMACION
¿Qué roles existen en Among Us?,INFORMACION
¿Qué personajes se pueden elegir en Clue?,INFORMACION
¿Cuántas letras contiene el alfabeto en Scrabble?,INFORMACION
¿Cuál es el jefe final en The Legend of Zelda: Ocarina of Time?,INFORMACION
¿Qué tipo de armas se usan en Fortnite?,INFORMACION
¿Cuáles son los tipos principales de Pokémon?,INFORMACION
¿Qué expansiones existen para Catan?,INFORMACION
¿Qué herramientas se pueden craftear en Minecraft?,INFORMACION
¿Cuáles son los edificios más caros en Monopoly?,INFORMACION
¿Qué piezas hay en el ajedrez y cuántas de cada una?,INFORMACION
¿Qué tareas se deben completar en Among Us?,INFORMACION
¿Qué objetos coleccionables hay en Zelda: Breath of the Wild?,INFORMACION
¿Cómo se calcula la puntuación en Scrabble?,INFORMACION
¿Cuáles son los modos de juego en Fortnite?,INFORMACION
¿Qué cartas se usan en Pokémon TCG?,INFORMACION
¿Qué tipos de terreno existen en Catan?,INFORMACION
¿Cuál es la historia básica detrás de Pokémon Red y Blue?,INFORMACION
¿Qué materiales necesitas para construir en Minecraft?,INFORMACION
¿Qué pasa si caes en la cárcel en Monopoly?,INFORMACION
¿Cómo se realiza un jaque mate en ajedrez?,INFORMACION
¿Cuántos impostores puede haber en Among Us?,INFORMACION
¿Qué estrategias básicas sirven en Clue?,INFORMACION
¿Qué habilidades tiene Link en Zelda?,INFORMACION
¿Qué palabras no están permitidas en Scrabble?,INFORMACION
¿Qué temporada de Fortnite introdujo vehículos?,INFORMACION
¿Cómo evolucionan los Pokémon?,INFORMACION
¿Qué dados se usan en Catan?,INFORMACION
¿Qué herramientas son necesarias para minar diamantes en Minecraft?,INFORMACION
¿Qué casilla es la más cara en Monopoly?,INFORMACION
¿Qué es el enroque en ajedrez?,INFORMACION
¿Cómo se reporta un cadáver en Among Us?,INFORMACION
¿Qué personajes son sospechosos en Clue?,INFORMACION
¿Qué enemigos aparecen en Zelda: Majora’s Mask?,INFORMACION
¿Cómo se forman palabras válidas en Scrabble?,INFORMACION
¿Qué eventos hay en Fortnite en vivo?,INFORMACION
¿Qué tipos de energía se usan en Pokémon TCG?,INFORMACION
¿Cuáles son las cartas de desarrollo en Catan?,INFORMACION
¿Qué significa 'Creative Mode' en Minecraft?,INFORMACION
¿Cómo se subastan propiedades en Monopoly?,INFORMACION
¿Qué es una horquilla en ajedrez?,INFORMACION
¿Cómo se vota en Among Us?,INFORMACION
¿Qué armas son típicas en Clue?,INFORMACION
¿Qué instrumentos usa Link en Zelda?,INFORMACION
¿Cómo se cuentan las letras dobles en Scrabble?,INFORMACION
¿Qué es el 'Battle Pass' en Fortnite?,INFORMACION
¿Qué diferencia hay entre Pokémon tipo agua y tipo fuego?,INFORMACION
¿Qué beneficios otorgan los puertos en Catan?,INFORMACION
¿Cómo se duerme en Minecraft?,INFORMACION
¿Qué cartas especiales hay en Monopoly?,INFORMACION
¿Qué movimientos ilegales hay en ajedrez?,INFORMACION
¿Cómo se hacen sabotajes en Among Us?,INFORMACION
¿Qué habitaciones hay en Clue?,INFORMACION
¿Cómo se usa el escudo en Zelda?,INFORMACION
¿Cuántas fichas tiene cada jugador en Scrabble?,INFORMACION
¿Qué recompensas se desbloquean en Fortnite por niveles?,INFORMACION
¿Qué es una evolución por piedra en Pokémon?,INFORMACION
¿Qué se necesita para ganar en Catan?,INFORMACION
¿Cómo se combate en Minecraft?,INFORMACION
¿Qué cartas se pueden hipotecar en Monopoly?,INFORMACION
¿Qué pasa si hay tablas en ajedrez?,INFORMACION
¿Qué se puede hacer durante una emergencia en Among Us?,INFORMACION
¿Qué pistas se deben seguir en Clue?,INFORMACION
¿Qué mazmorras tiene Zelda: Twilight Princess?,INFORMACION
¿Cómo se puntúan las palabras largas en Scrabble?,INFORMACION
¿Qué es un skin en Fortnite?,INFORMACION
¿Cómo se intercambian Pokémon entre jugadores?,INFORMACION
¿Qué se puede construir con ladrillos en Minecraft?,INFORMACION
¿Cómo funciona la casa de subastas en Monopoly?,INFORMACION
¿Qué piezas pueden promocionarse en ajedrez?,INFORMACION
¿Qué hace el botón de emergencia en Among Us?,INFORMACION
¿Cómo se ganan puntos en Clue?,INFORMACION
¿Qué espadas son legendarias en Zelda?,INFORMACION
¿Qué puntuación es considerada alta en Scrabble?,INFORMACION
¿Qué modos de juego rotan semanalmente en Fortnite?,INFORMACION
¿Qué nivel necesita un Pokémon para evolucionar normalmente?,INFORMACION
¿Qué estrategias se recomiendan en la fase inicial de Catan?,INFORMACION
¿Qué encantamientos existen en Minecraft?,INFORMACION
¿Qué tarjetas cambian el flujo del juego en Monopoly?,INFORMACION
¿Qué jugada es imposible en ajedrez clásico?,INFORMACION
¿Cómo se detecta a un impostor en Among Us?,INFORMACION
¿Qué cartas se reparten al inicio en Clue?,INFORMACION
¿Qué uso tiene el arco en los juegos de Zelda?,INFORMACION
¿Qué bonificaciones existen en casillas especiales en Scrabble?,INFORMACION
¿Cómo se consigue oro en Fortnite?,INFORMACION
¿Qué tipo de Poké Ball tiene mejor índice de captura?,INFORMACION
¿Qué es la carta de monopolio en Catan?,INFORMACION
¿Qué tipos de enemigos hay en Minecraft?,INFORMACION
¿Qué cartas se descartan en Monopoly?,INFORMACION
¿Cómo se gana por ahogado en ajedrez?,INFORMACION
¿Qué color es más elegido por jugadores en Among Us?,INFORMACION
¿Qué arma causa más daño en Clue según el juego original?,INFORMACION
¿Qué ítems mágicos usa Link en Zelda: A Link to the Past?,INFORMACION
¿Qué palabra obtuvo más puntos en un torneo oficial de Scrabble?,INFORMACION
¿Qué celebridades han aparecido en eventos de Fortnite?,INFORMACION
¿Qué tipos de Pokémon son inmunes a ataques normales?,INFORMACION
¿Qué recursos son escasos en algunas ediciones de Catan?,INFORMACION
¿Qué biomas son más peligrosos en Minecraft?,INFORMACION
¿Qué acciones puedes hacer si caes en “Ve a la cárcel” en Monopoly?,INFORMACION
¿Cómo se hace jaque perpetuo en ajedrez?,INFORMACION
¿Qué eventos temporales hay en Among Us?,INFORMACION
¿Cuántas cartas hay en total en Clue?,INFORMACION
¿Cuál es el mejor escudo en Zelda: Breath of the Wild?,INFORMACION
¿Qué letras tienen mayor valor en Scrabble?,INFORMACION
¿Cuántas temporadas ha tenido Fortnite?,INFORMACION
¿Cuáles son los Pokémon iniciales más populares?,INFORMACION
¿Qué significa tener “camino más largo” en Catan?,INFORMACION